{
  "accuracy": 0.8831592689295039,
  "recall_phishing": 0.891644908616188,
  "precision_phishing": 0.8767650834403081,
  "f1_phishing": 0.8841423948220065,
  "roc_auc": 0.9485476075233998
}